num,bits,divisors
2,1,1
2,2,0.5
6,1,1
6,2,1
6,3,0.25
12,1,1
12,2,1
12,3,0.5
12,4,0.125
60,1,1
60,2,1
60,3,0.75
60,4,0.375
60,5,0.125
60,6,0.03125
120,1,1
120,2,1
120,3,0.75
120,4,0.5
120,5,0.1875
120,6,0.0625
120,7,0.015625
360,1,1
360,2,1
360,3,0.75
360,4,0.625
360,5,0.25
360,6,0.125
360,7,0.046875
360,8,0.0078125
360,9,0.00390625
2520,1,1
2520,2,1
2520,3,1
2520,4,0.75
2520,5,0.375
2520,6,0.25
2520,7,0.109375
2520,8,0.0390625
2520,9,0.01953125
2520,10,0.00390625
2520,11,0.000976563
2520,12,0.000488281
5040,1,1
5040,2,1
5040,3,1
5040,4,0.75
5040,5,0.4375
5040,6,0.28125
5040,7,0.140625
5040,8,0.0546875
5040,9,0.0234375
5040,10,0.009765625
5040,11,0.001953125
5040,12,0.000488281
5040,13,0.000244141
55440,1,1
55440,2,1
55440,3,1
55440,4,0.875
55440,5,0.5
55440,6,0.375
55440,7,0.21875
55440,8,0.109375
55440,9,0.0546875
55440,10,0.02734375
55440,11,0.009765625
55440,12,0.00390625
55440,13,0.001464844
55440,14,0.000366211
55440,15,0.00012207
55440,16,3.05E-05
720720,1,1
720720,2,1
720720,3,1
720720,4,1
720720,5,0.5625
720720,6,0.4375
720720,7,0.296875
720720,8,0.1640625
720720,9,0.08984375
720720,10,0.052734375
720720,11,0.0234375
720720,12,0.010742188
720720,13,0.004882813
720720,14,0.001953125
720720,15,0.000671387
720720,16,0.000274658
720720,17,7.63E-05
720720,18,2.29E-05
720720,19,3.81E-06
720720,20,1.91E-06
1441440,1,1
1441440,2,1
1441440,3,1
1441440,4,1
1441440,5,0.5625
1441440,6,0.46875
1441440,7,0.3125
1441440,8,0.1796875
1441440,9,0.10546875
1441440,10,0.0546875
1441440,11,0.029296875
1441440,12,0.013671875
1441440,13,0.005859375
1441440,14,0.002685547
1441440,15,0.000976563
1441440,16,0.000366211
1441440,17,0.000137329
1441440,18,3.81E-05
1441440,19,1.14E-05
1441440,20,1.91E-06
1441440,21,9.54E-07
4324320,1,1
4324320,2,1
4324320,3,1
4324320,4,1
4324320,5,0.625
4324320,6,0.5
4324320,7,0.328125
4324320,8,0.203125
4324320,9,0.125
4324320,10,0.06640625
4324320,11,0.036132813
4324320,12,0.018554688
4324320,13,0.008300781
4324320,14,0.00390625
4324320,15,0.001586914
4324320,16,0.000640869
4324320,17,0.000244141
4324320,18,7.63E-05
4324320,19,3.05E-05
4324320,20,7.63E-06
4324320,21,1.91E-06
4324320,22,4.77E-07
4324320,23,2.38E-07
21621600,1,1
21621600,2,1
21621600,3,1
21621600,4,1
21621600,5,0.6875
21621600,6,0.53125
21621600,7,0.359375
21621600,8,0.234375
21621600,9,0.1484375
21621600,10,0.0859375
21621600,11,0.046875
21621600,12,0.025878906
21621600,13,0.012695313
21621600,14,0.006103516
21621600,15,0.002807617
21621600,16,0.001190186
21621600,17,0.000518799
21621600,18,0.000190735
21621600,19,7.25E-05
21621600,20,2.67E-05
21621600,21,7.63E-06
21621600,22,2.38E-06
21621600,23,7.15E-07
21621600,24,1.19E-07
21621600,25,5.96E-08
367567200,1,1
367567200,2,1
367567200,3,1
367567200,4,1
367567200,5,0.75
367567200,6,0.59375
367567200,7,0.421875
367567200,8,0.296875
367567200,9,0.19140625
367567200,10,0.1171875
367567200,11,0.069335938
367567200,12,0.040527344
367567200,13,0.021728516
367567200,14,0.011230469
367567200,15,0.005737305
367567200,16,0.0027771
367567200,17,0.001312256
367567200,18,0.000572205
367567200,19,0.000247955
367567200,20,0.000104904
367567200,21,4.01E-05
367567200,22,1.53E-05
367567200,23,5.25E-06
367567200,24,1.79E-06
367567200,25,5.96E-07
367567200,26,1.49E-07
367567200,27,4.47E-08
367567200,28,7.45E-09
367567200,29,3.73E-09
6983776800,1,1
6983776800,2,1
6983776800,3,1
6983776800,4,1
6983776800,5,0.8125
6983776800,6,0.65625
6983776800,7,0.46875
6983776800,8,0.3515625
6983776800,9,0.234375
6983776800,10,0.150390625
6983776800,11,0.09375
6983776800,12,0.057128906
6983776800,13,0.033203125
6983776800,14,0.018188477
6983776800,15,0.009887695
6983776800,16,0.005187988
6983776800,17,0.002655029
6983776800,18,0.001274109
6983776800,19,0.000606537
6983776800,20,0.00028038
6983776800,21,0.000123978
6983776800,22,5.29E-05
6983776800,23,2.12E-05
6983776800,24,8.58E-06
6983776800,25,3.28E-06
6983776800,26,1.16E-06
6983776800,27,4.02E-07
6983776800,28,1.34E-07
6983776800,29,4.47E-08
6983776800,30,1.30E-08
6983776800,31,2.79E-09
6983776800,32,9.31E-10
6983776800,33,2.33E-10
13967553600,1,1
13967553600,2,1
13967553600,3,1
13967553600,4,1
13967553600,5,0.8125
13967553600,6,0.65625
13967553600,7,0.484375
13967553600,8,0.359375
13967553600,9,0.2421875
13967553600,10,0.158203125
13967553600,11,0.098632813
13967553600,12,0.061035156
13967553600,13,0.035644531
13967553600,14,0.020141602
13967553600,15,0.010925293
13967553600,16,0.005828857
13967553600,17,0.00302124
13967553600,18,0.001495361
13967553600,19,0.000717163
13967553600,20,0.000335693
13967553600,21,0.000152588
13967553600,22,6.68E-05
13967553600,23,2.79E-05
13967553600,24,1.12E-05
13967553600,25,4.53E-06
13967553600,26,1.67E-06
13967553600,27,5.96E-07
13967553600,28,2.09E-07
13967553600,29,6.71E-08
13967553600,30,2.24E-08
13967553600,31,6.52E-09
13967553600,32,1.40E-09
13967553600,33,4.66E-10
13967553600,34,1.16E-10
3.21E+11,1,1
3.21E+11,2,1
3.21E+11,3,1
3.21E+11,4,1
3.21E+11,5,0.875
3.21E+11,6,0.6875
3.21E+11,7,0.53125
3.21E+11,8,0.40625
3.21E+11,9,0.28515625
3.21E+11,10,0.189453125
3.21E+11,11,0.123046875
3.21E+11,12,0.079101563
3.21E+11,13,0.048828125
3.21E+11,14,0.028808594
3.21E+11,15,0.016357422
3.21E+11,16,0.009185791
3.21E+11,17,0.005096436
3.21E+11,18,0.002685547
3.21E+11,19,0.001373291
3.21E+11,20,0.000688553
3.21E+11,21,0.000338554
3.21E+11,22,0.000162125
3.21E+11,23,7.41E-05
3.21E+11,24,3.28E-05
3.21E+11,25,1.46E-05
3.21E+11,26,6.20E-06
3.21E+11,27,2.52E-06
3.21E+11,28,9.98E-07
3.21E+11,29,3.80E-07
3.21E+11,30,1.47E-07
3.21E+11,31,5.31E-08
3.21E+11,32,1.68E-08
3.21E+11,33,5.59E-09
3.21E+11,34,1.86E-09
3.21E+11,35,5.24E-10
3.21E+11,36,1.46E-10
3.21E+11,37,2.91E-11
3.21E+11,38,7.28E-12
3.21E+11,39,3.64E-12
2.25E+12,1,1
2.25E+12,2,1
2.25E+12,3,1
2.25E+12,4,1
2.25E+12,5,0.875
2.25E+12,6,0.71875
2.25E+12,7,0.546875
2.25E+12,8,0.4296875
2.25E+12,9,0.30078125
2.25E+12,10,0.20703125
2.25E+12,11,0.13671875
2.25E+12,12,0.089355469
2.25E+12,13,0.055908203
2.25E+12,14,0.034301758
2.25E+12,15,0.019958496
2.25E+12,16,0.011566162
2.25E+12,17,0.006484985
2.25E+12,18,0.003555298
2.25E+12,19,0.00188446
2.25E+12,20,0.000980377
2.25E+12,21,0.000494003
2.25E+12,22,0.000246048
2.25E+12,23,0.000118256
2.25E+12,24,5.57E-05
2.25E+12,25,2.54E-05
2.25E+12,26,1.14E-05
2.25E+12,27,4.92E-06
2.25E+12,28,2.11E-06
2.25E+12,29,8.53E-07
2.25E+12,30,3.43E-07
2.25E+12,31,1.32E-07
2.25E+12,32,5.03E-08
2.25E+12,33,1.82E-08
2.25E+12,34,6.40E-09
2.25E+12,35,1.98E-09
2.25E+12,36,6.98E-10
2.25E+12,37,2.04E-10
2.25E+12,38,5.82E-11
2.25E+12,39,1.46E-11
2.25E+12,40,3.64E-12
2.25E+12,41,9.09E-13
2.25E+12,42,4.55E-13
6.52E+13,1,1
6.52E+13,2,1
6.52E+13,3,1
6.52E+13,4,1
6.52E+13,5,0.9375
6.52E+13,6,0.75
6.52E+13,7,0.578125
6.52E+13,8,0.4609375
6.52E+13,9,0.3359375
6.52E+13,10,0.23828125
6.52E+13,11,0.161132813
6.52E+13,12,0.106933594
6.52E+13,13,0.069824219
6.52E+13,14,0.044189453
6.52E+13,15,0.026733398
6.52E+13,16,0.015991211
6.52E+13,17,0.009353638
6.52E+13,18,0.005355835
6.52E+13,19,0.002986908
6.52E+13,20,0.001617432
6.52E+13,21,0.000861168
6.52E+13,22,0.000452042
6.52E+13,23,0.000230551
6.52E+13,24,0.000115275
6.52E+13,25,5.61E-05
6.52E+13,26,2.68E-05
6.52E+13,27,1.26E-05
6.52E+13,28,5.78E-06
6.52E+13,29,2.57E-06
6.52E+13,30,1.13E-06
6.52E+13,31,4.79E-07
6.52E+13,32,2.01E-07
6.52E+13,33,8.17E-08
6.52E+13,34,3.26E-08
6.52E+13,35,1.23E-08
6.52E+13,36,4.66E-09
6.52E+13,37,1.70E-09
6.52E+13,38,5.97E-10
6.52E+13,39,2.00E-10
6.52E+13,40,6.55E-11
6.52E+13,41,2.09E-11
6.52E+13,42,6.82E-12
6.52E+13,43,1.59E-12
6.52E+13,44,4.55E-13
6.52E+13,45,1.14E-13
6.52E+13,46,2.84E-14
1.96E+14,1,1
1.96E+14,2,1
1.96E+14,3,1
1.96E+14,4,1
1.96E+14,5,0.9375
1.96E+14,6,0.75
1.96E+14,7,0.59375
1.96E+14,8,0.46875
1.96E+14,9,0.34375
1.96E+14,10,0.24609375
1.96E+14,11,0.169921875
1.96E+14,12,0.112792969
1.96E+14,13,0.07421875
1.96E+14,14,0.047241211
1.96E+14,15,0.02911377
1.96E+14,16,0.017608643
1.96E+14,17,0.010406494
1.96E+14,18,0.005996704
1.96E+14,19,0.00340271
1.96E+14,20,0.001871109
1.96E+14,21,0.001010895
1.96E+14,22,0.000535965
1.96E+14,23,0.000277758
1.96E+14,24,0.000141263
1.96E+14,25,7.02E-05
1.96E+14,26,3.41E-05
1.96E+14,27,1.63E-05
1.96E+14,28,7.62E-06
1.96E+14,29,3.48E-06
1.96E+14,30,1.56E-06
1.96E+14,31,6.81E-07
1.96E+14,32,2.92E-07
1.96E+14,33,1.22E-07
1.96E+14,34,5.01E-08
1.96E+14,35,1.98E-08
1.96E+14,36,7.74E-09
1.96E+14,37,2.91E-09
1.96E+14,38,1.06E-09
1.96E+14,39,3.82E-10
1.96E+14,40,1.31E-10
1.96E+14,41,4.27E-11
1.96E+14,42,1.41E-11
1.96E+14,43,4.09E-12
1.96E+14,44,1.25E-12
1.96E+14,45,3.41E-13
1.96E+14,46,8.53E-14
1.96E+14,47,1.42E-14
1.96E+14,48,7.11E-15
6.06E+15,1,1
6.06E+15,2,1
6.06E+15,3,1
6.06E+15,4,1
6.06E+15,5,1
6.06E+15,6,0.78125
6.06E+15,7,0.625
6.06E+15,8,0.5
6.06E+15,9,0.375
6.06E+15,10,0.27734375
6.06E+15,11,0.194335938
6.06E+15,12,0.130859375
6.06E+15,13,0.089111328
6.06E+15,14,0.058227539
6.06E+15,15,0.036987305
6.06E+15,16,0.022979736
6.06E+15,17,0.013961792
6.06E+15,18,0.008338928
6.06E+15,19,0.004898071
6.06E+15,20,0.002788544
6.06E+15,21,0.001567841
6.06E+15,22,0.000862598
6.06E+15,23,0.000466585
6.06E+15,24,0.000247836
6.06E+15,25,0.000129163
6.06E+15,26,6.58E-05
6.06E+15,27,3.31E-05
6.06E+15,28,1.63E-05
6.06E+15,29,7.90E-06
6.06E+15,30,3.75E-06
6.06E+15,31,1.75E-06
6.06E+15,32,7.97E-07
6.06E+15,33,3.59E-07
6.06E+15,34,1.59E-07
6.06E+15,35,6.83E-08
6.06E+15,36,2.88E-08
6.06E+15,37,1.19E-08
6.06E+15,38,4.86E-09
6.06E+15,39,1.93E-09
6.06E+15,40,7.44E-10
6.06E+15,41,2.80E-10
6.06E+15,42,1.04E-10
6.06E+15,43,3.73E-11
6.06E+15,44,1.31E-11
6.06E+15,45,4.32E-12
6.06E+15,46,1.39E-12
6.06E+15,47,4.41E-13
6.06E+15,48,1.35E-13
6.06E+15,49,3.91E-14
6.06E+15,50,8.88E-15
6.06E+15,51,2.66E-15
6.06E+15,52,4.44E-16
6.06E+15,53,2.22E-16
1.21E+16,1,1
1.21E+16,2,1
1.21E+16,3,1
1.21E+16,4,1
1.21E+16,5,1
1.21E+16,6,0.78125
1.21E+16,7,0.625
1.21E+16,8,0.5078125
1.21E+16,9,0.37890625
1.21E+16,10,0.28125
1.21E+16,11,0.198242188
1.21E+16,12,0.134765625
1.21E+16,13,0.091308594
1.21E+16,14,0.060058594
1.21E+16,15,0.038513184
1.21E+16,16,0.023986816
1.21E+16,17,0.014694214
1.21E+16,18,0.008804321
1.21E+16,19,0.005191803
1.21E+16,20,0.002990723
1.21E+16,21,0.001688957
1.21E+16,22,0.000936031
1.21E+16,23,0.000509501
1.21E+16,24,0.00027287
1.21E+16,25,0.000143409
1.21E+16,26,7.38E-05
1.21E+16,27,3.73E-05
1.21E+16,28,1.86E-05
1.21E+16,29,9.09E-06
1.21E+16,30,4.36E-06
1.21E+16,31,2.06E-06
1.21E+16,32,9.49E-07
1.21E+16,33,4.31E-07
1.21E+16,34,1.93E-07
1.21E+16,35,8.44E-08
1.21E+16,36,3.62E-08
1.21E+16,37,1.52E-08
1.21E+16,38,6.26E-09
1.21E+16,39,2.53E-09
1.21E+16,40,1.00E-09
1.21E+16,41,3.83E-10
1.21E+16,42,1.44E-10
1.21E+16,43,5.32E-11
1.21E+16,44,1.89E-11
1.21E+16,45,6.65E-12
1.21E+16,46,2.16E-12
1.21E+16,47,7.11E-13
1.21E+16,48,2.20E-13
1.21E+16,49,6.75E-14
1.21E+16,50,1.95E-14
1.21E+16,51,4.44E-15
1.21E+16,52,1.33E-15
1.21E+16,53,2.22E-16
1.21E+16,54,1.11E-16
4.49E+17,1,1
4.49E+17,2,1
4.49E+17,3,1
4.49E+17,4,1
4.49E+17,5,1
4.49E+17,6,0.8125
4.49E+17,7,0.65625
4.49E+17,8,0.53125
4.49E+17,9,0.40625
4.49E+17,10,0.30859375
4.49E+17,11,0.220703125
4.49E+17,12,0.152832031
4.49E+17,13,0.105712891
4.49E+17,14,0.071044922
4.49E+17,15,0.046569824
4.49E+17,16,0.029785156
4.49E+17,17,0.01864624
4.49E+17,18,0.011474609
4.49E+17,19,0.006969452
4.49E+17,20,0.004133224
4.49E+17,21,0.00240612
4.49E+17,22,0.001375675
4.49E+17,23,0.00077486
4.49E+17,24,0.000429869
4.49E+17,25,0.000234187
4.49E+17,26,0.000125378
4.49E+17,27,6.60E-05
4.49E+17,28,3.43E-05
4.49E+17,29,1.75E-05
4.49E+17,30,8.80E-06
4.49E+17,31,4.35E-06
4.49E+17,32,2.11E-06
4.49E+17,33,1.01E-06
4.49E+17,34,4.79E-07
4.49E+17,35,2.22E-07
4.49E+17,36,1.01E-07
4.49E+17,37,4.53E-08
4.49E+17,38,2.01E-08
4.49E+17,39,8.72E-09
4.49E+17,40,3.72E-09
4.49E+17,41,1.55E-09
4.49E+17,42,6.36E-10
4.49E+17,43,2.57E-10
4.49E+17,44,1.02E-10
4.49E+17,45,3.95E-11
4.49E+17,46,1.48E-11
4.49E+17,47,5.47E-12
4.49E+17,48,1.99E-12
4.49E+17,49,7.03E-13
4.49E+17,50,2.43E-13
4.49E+17,51,7.73E-14
4.49E+17,52,2.53E-14
4.49E+17,53,8.22E-15
4.49E+17,54,2.44E-15
4.49E+17,55,6.66E-16
4.49E+17,56,1.67E-16
4.49E+17,57,4.16E-17
4.49E+17,58,1.39E-17
4.49E+17,59,3.47E-18
1.84E+19,1,1
1.84E+19,2,1
1.84E+19,3,1
1.84E+19,4,1
1.84E+19,5,1
1.84E+19,6,0.84375
1.84E+19,7,0.6875
1.84E+19,8,0.5546875
1.84E+19,9,0.4296875
1.84E+19,10,0.33203125
1.84E+19,11,0.2421875
1.84E+19,12,0.170898438
1.84E+19,13,0.119628906
1.84E+19,14,0.081787109
1.84E+19,15,0.054931641
1.84E+19,16,0.035858154
1.84E+19,17,0.022918701
1.84E+19,18,0.014411926
1.84E+19,19,0.008964539
1.84E+19,20,0.005460739
1.84E+19,21,0.003260612
1.84E+19,22,0.001914501
1.84E+19,23,0.001108646
1.84E+19,24,0.000633478
1.84E+19,25,0.000356078
1.84E+19,26,0.000196874
1.84E+19,27,0.00010702
1.84E+19,28,5.75E-05
1.84E+19,29,3.05E-05
1.84E+19,30,1.59E-05
1.84E+19,31,8.18E-06
1.84E+19,32,4.14E-06
1.84E+19,33,2.07E-06
1.84E+19,34,1.02E-06
1.84E+19,35,4.98E-07
1.84E+19,36,2.38E-07
1.84E+19,37,1.12E-07
1.84E+19,38,5.23E-08
1.84E+19,39,2.40E-08
1.84E+19,40,1.09E-08
1.84E+19,41,4.83E-09
1.84E+19,42,2.11E-09
1.84E+19,43,9.12E-10
1.84E+19,44,3.88E-10
1.84E+19,45,1.63E-10
1.84E+19,46,6.67E-11
1.84E+19,47,2.69E-11
1.84E+19,48,1.07E-11
1.84E+19,49,4.16E-12
1.84E+19,50,1.60E-12
1.84E+19,51,5.94E-13
1.84E+19,52,2.17E-13
1.84E+19,53,7.75E-14
1.84E+19,54,2.75E-14
1.84E+19,55,9.38E-15
1.84E+19,56,3.05E-15
1.84E+19,57,9.85E-16
1.84E+19,58,3.05E-16
1.84E+19,59,9.37E-17
1.84E+19,60,2.78E-17
1.84E+19,61,6.94E-18
1.84E+19,62,1.73E-18
1.84E+19,63,4.34E-19
1.84E+19,64,1.08E-19
7.91E+20,1,1
7.91E+20,2,1
7.91E+20,3,1
7.91E+20,4,1
7.91E+20,5,1
7.91E+20,6,0.875
7.91E+20,7,0.703125
7.91E+20,8,0.578125
7.91E+20,9,0.453125
7.91E+20,10,0.35546875
7.91E+20,11,0.263671875
7.91E+20,12,0.188964844
7.91E+20,13,0.133789063
7.91E+20,14,0.092773438
7.91E+20,15,0.063659668
7.91E+20,16,0.042358398
7.91E+20,17,0.027526855
7.91E+20,18,0.017654419
7.91E+20,19,0.011203766
7.91E+20,20,0.006980896
7.91E+20,21,0.004262924
7.91E+20,22,0.002561092
7.91E+20,23,0.001518011
7.91E+20,24,0.000888824
7.91E+20,25,0.000513613
7.91E+20,26,0.000291616
7.91E+20,27,0.000162974
7.91E+20,28,9.00E-05
7.91E+20,29,4.92E-05
7.91E+20,30,2.65E-05
7.91E+20,31,1.41E-05
7.91E+20,32,7.38E-06
7.91E+20,33,3.82E-06
7.91E+20,34,1.95E-06
7.91E+20,35,9.87E-07
7.91E+20,36,4.91E-07
7.91E+20,37,2.41E-07
7.91E+20,38,1.17E-07
7.91E+20,39,5.62E-08
7.91E+20,40,2.66E-08
7.91E+20,41,1.24E-08
7.91E+20,42,5.72E-09
7.91E+20,43,2.60E-09
7.91E+20,44,1.17E-09
7.91E+20,45,5.18E-10
7.91E+20,46,2.26E-10
7.91E+20,47,9.69E-11
7.91E+20,48,4.11E-11
7.91E+20,49,1.72E-11
7.91E+20,50,7.09E-12
7.91E+20,51,2.87E-12
7.91E+20,52,1.14E-12
7.91E+20,53,4.46E-13
7.91E+20,54,1.72E-13
7.91E+20,55,6.54E-14
7.91E+20,56,2.42E-14
7.91E+20,57,8.73E-15
7.91E+20,58,3.11E-15
7.91E+20,59,1.09E-15
7.91E+20,60,3.75E-16
7.91E+20,61,1.23E-16
7.91E+20,62,3.86E-17
7.91E+20,63,1.21E-17
7.91E+20,64,3.69E-18
7.91E+20,65,1.14E-18
7.91E+20,66,2.98E-19
7.91E+20,67,6.78E-20
7.91E+20,68,2.03E-20
7.91E+20,69,3.39E-21
7.91E+20,70,1.69E-21
3.72E+22,1,1
3.72E+22,2,1
3.72E+22,3,1
3.72E+22,4,1
3.72E+22,5,1
3.72E+22,6,0.90625
3.72E+22,7,0.71875
3.72E+22,8,0.6015625
3.72E+22,9,0.47265625
3.72E+22,10,0.376953125
3.72E+22,11,0.28515625
3.72E+22,12,0.206054688
3.72E+22,13,0.147460938
3.72E+22,14,0.103759766
3.72E+22,15,0.07244873
3.72E+22,16,0.048980713
3.72E+22,17,0.032348633
3.72E+22,18,0.021087646
3.72E+22,19,0.013622284
3.72E+22,20,0.008659363
3.72E+22,21,0.005395889
3.72E+22,22,0.003305435
3.72E+22,23,0.001999378
3.72E+22,24,0.001196146
3.72E+22,25,0.000707388
3.72E+22,26,0.000411212
3.72E+22,27,0.000235438
3.72E+22,28,0.000133276
3.72E+22,29,7.47E-05
3.72E+22,30,4.14E-05
3.72E+22,31,2.26E-05
3.72E+22,32,1.22E-05
3.72E+22,33,6.48E-06
3.72E+22,34,3.42E-06
3.72E+22,35,1.78E-06
3.72E+22,36,9.18E-07
3.72E+22,37,4.66E-07
3.72E+22,38,2.34E-07
3.72E+22,39,1.17E-07
3.72E+22,40,5.73E-08
3.72E+22,41,2.78E-08
3.72E+22,42,1.33E-08
3.72E+22,43,6.32E-09
3.72E+22,44,2.97E-09
3.72E+22,45,1.38E-09
3.72E+22,46,6.30E-10
3.72E+22,47,2.84E-10
3.72E+22,48,1.27E-10
3.72E+22,49,5.60E-11
3.72E+22,50,2.44E-11
3.72E+22,51,1.05E-11
3.72E+22,52,4.44E-12
3.72E+22,53,1.85E-12
3.72E+22,54,7.66E-13
3.72E+22,55,3.13E-13
3.72E+22,56,1.25E-13
3.72E+22,57,4.92E-14
3.72E+22,58,1.91E-14
3.72E+22,59,7.31E-15
3.72E+22,60,2.77E-15
3.72E+22,61,1.02E-15
3.72E+22,62,3.66E-16
3.72E+22,63,1.29E-16
3.72E+22,64,4.53E-17
3.72E+22,65,1.57E-17
3.72E+22,66,5.18E-18
3.72E+22,67,1.64E-18
3.72E+22,68,5.08E-19
3.72E+22,69,1.56E-19
3.72E+22,70,4.74E-20
3.72E+22,71,1.36E-20
3.72E+22,72,3.39E-21
3.72E+22,73,8.47E-22
3.72E+22,74,2.12E-22
3.72E+22,75,5.29E-23
1.86E+23,1,1
1.86E+23,2,1
1.86E+23,3,1
1.86E+23,4,1
1.86E+23,5,1
1.86E+23,6,0.90625
1.86E+23,7,0.734375
1.86E+23,8,0.609375
1.86E+23,9,0.48046875
1.86E+23,10,0.3828125
1.86E+23,11,0.291015625
1.86E+23,12,0.212402344
1.86E+23,13,0.153076172
1.86E+23,14,0.108032227
1.86E+23,15,0.075683594
1.86E+23,16,0.051574707
1.86E+23,17,0.034362793
1.86E+23,18,0.022583008
1.86E+23,19,0.014648438
1.86E+23,20,0.009370804
1.86E+23,21,0.005888939
1.86E+23,22,0.00364399
1.86E+23,23,0.002222776
1.86E+23,24,0.001338601
1.86E+23,25,0.00079757
1.86E+23,26,0.000468165
1.86E+23,27,0.000271037
1.86E+23,28,0.000154912
1.86E+23,29,8.76E-05
1.86E+23,30,4.89E-05
1.86E+23,31,2.70E-05
1.86E+23,32,1.47E-05
1.86E+23,33,7.94E-06
1.86E+23,34,4.23E-06
1.86E+23,35,2.23E-06
1.86E+23,36,1.16E-06
1.86E+23,37,5.98E-07
1.86E+23,38,3.05E-07
1.86E+23,39,1.53E-07
1.86E+23,40,7.64E-08
1.86E+23,41,3.77E-08
1.86E+23,42,1.83E-08
1.86E+23,43,8.83E-09
1.86E+23,44,4.20E-09
1.86E+23,45,1.98E-09
1.86E+23,46,9.21E-10
1.86E+23,47,4.24E-10
1.86E+23,48,1.93E-10
1.86E+23,49,8.64E-11
1.86E+23,50,3.84E-11
1.86E+23,51,1.68E-11
1.86E+23,52,7.30E-12
1.86E+23,53,3.12E-12
1.86E+23,54,1.32E-12
1.86E+23,55,5.48E-13
1.86E+23,56,2.25E-13
1.86E+23,57,9.16E-14
1.86E+23,58,3.66E-14
1.86E+23,59,1.44E-14
1.86E+23,60,5.56E-15
1.86E+23,61,2.13E-15
1.86E+23,62,7.99E-16
1.86E+23,63,2.95E-16
1.86E+23,64,1.07E-16
1.86E+23,65,3.76E-17
1.86E+23,66,1.31E-17
1.86E+23,67,4.54E-18
1.86E+23,68,1.50E-18
1.86E+23,69,4.88E-19
1.86E+23,70,1.47E-19
1.86E+23,71,4.74E-20
1.86E+23,72,1.40E-20
1.86E+23,73,4.24E-21
1.86E+23,74,1.06E-21
1.86E+23,75,2.65E-22
1.86E+23,76,5.29E-23
1.86E+23,77,1.32E-23
1.86E+23,78,6.62E-24
9.85E+24,1,1
9.85E+24,2,1
9.85E+24,3,1
9.85E+24,4,1
9.85E+24,5,1
9.85E+24,6,0.9375
9.85E+24,7,0.75
9.85E+24,8,0.625
9.85E+24,9,0.5
9.85E+24,10,0.40234375
9.85E+24,11,0.309570313
9.85E+24,12,0.228515625
9.85E+24,13,0.166503906
9.85E+24,14,0.118652344
9.85E+24,15,0.084289551
9.85E+24,16,0.058319092
9.85E+24,17,0.039428711
9.85E+24,18,0.026245117
9.85E+24,19,0.017269135
9.85E+24,20,0.011230469
9.85E+24,21,0.007175446
9.85E+24,22,0.004516602
9.85E+24,23,0.00280261
9.85E+24,24,0.001718044
9.85E+24,25,0.001042664
9.85E+24,26,0.000624239
9.85E+24,27,0.000368729
9.85E+24,28,0.000215068
9.85E+24,29,0.000124156
9.85E+24,30,7.09E-05
9.85E+24,31,4.01E-05
9.85E+24,32,2.24E-05
9.85E+24,33,1.23E-05
9.85E+24,34,6.73E-06
9.85E+24,35,3.64E-06
9.85E+24,36,1.95E-06
9.85E+24,37,1.03E-06
9.85E+24,38,5.40E-07
9.85E+24,39,2.80E-07
9.85E+24,40,1.44E-07
9.85E+24,41,7.29E-08
9.85E+24,42,3.67E-08
9.85E+24,43,1.82E-08
9.85E+24,44,8.97E-09
9.85E+24,45,4.37E-09
9.85E+24,46,2.11E-09
9.85E+24,47,1.01E-09
9.85E+24,48,4.77E-10
9.85E+24,49,2.23E-10
9.85E+24,50,1.03E-10
9.85E+24,51,4.72E-11
9.85E+24,52,2.14E-11
9.85E+24,53,9.58E-12
9.85E+24,54,4.24E-12
9.85E+24,55,1.86E-12
9.85E+24,56,8.04E-13
9.85E+24,57,3.45E-13
9.85E+24,58,1.46E-13
9.85E+24,59,6.10E-14
9.85E+24,60,2.51E-14
9.85E+24,61,1.03E-14
9.85E+24,62,4.13E-15
9.85E+24,63,1.64E-15
9.85E+24,64,6.43E-16
9.85E+24,65,2.47E-16
9.85E+24,66,9.40E-17
9.85E+24,67,3.54E-17
9.85E+24,68,1.31E-17
9.85E+24,69,4.72E-18
9.85E+24,70,1.66E-18
9.85E+24,71,5.83E-19
9.85E+24,72,2.00E-19
9.85E+24,73,6.76E-20
9.85E+24,74,2.20E-20
9.85E+24,75,6.88E-21
9.85E+24,76,2.12E-21
9.85E+24,77,6.49E-22
9.85E+24,78,2.05E-22
9.85E+24,79,5.29E-23
9.85E+24,80,1.32E-23
9.85E+24,81,3.31E-24
9.85E+24,82,8.27E-25
9.85E+24,83,2.07E-25
9.85E+24,84,1.03E-25
5.81E+26,1,1
5.81E+26,2,1
5.81E+26,3,1
5.81E+26,4,1
5.81E+26,5,1
5.81E+26,6,0.96875
5.81E+26,7,0.765625
5.81E+26,8,0.640625
5.81E+26,9,0.515625
5.81E+26,10,0.419921875
5.81E+26,11,0.326171875
5.81E+26,12,0.244140625
5.81E+26,13,0.178955078
5.81E+26,14,0.12890625
5.81E+26,15,0.092590332
5.81E+26,16,0.064941406
5.81E+26,17,0.044494629
5.81E+26,18,0.029968262
5.81E+26,19,0.01997757
5.81E+26,20,0.013166428
5.81E+26,21,0.008544922
5.81E+26,22,0.005463123
5.81E+26,23,0.003439426
5.81E+26,24,0.002142072
5.81E+26,25,0.001321137
5.81E+26,26,0.00080502
5.81E+26,27,0.000484064
5.81E+26,28,0.000287496
5.81E+26,29,0.000169024
5.81E+26,30,9.84E-05
5.81E+26,31,5.67E-05
5.81E+26,32,3.23E-05
5.81E+26,33,1.82E-05
5.81E+26,34,1.02E-05
5.81E+26,35,5.61E-06
5.81E+26,36,3.07E-06
5.81E+26,37,1.67E-06
5.81E+26,38,8.93E-07
5.81E+26,39,4.75E-07
5.81E+26,40,2.50E-07
5.81E+26,41,1.30E-07
5.81E+26,42,6.73E-08
5.81E+26,43,3.44E-08
5.81E+26,44,1.75E-08
5.81E+26,45,8.76E-09
5.81E+26,46,4.36E-09
5.81E+26,47,2.15E-09
5.81E+26,48,1.05E-09
5.81E+26,49,5.07E-10
5.81E+26,50,2.43E-10
5.81E+26,51,1.15E-10
5.81E+26,52,5.42E-11
5.81E+26,53,2.52E-11
5.81E+26,54,1.16E-11
5.81E+26,55,5.31E-12
5.81E+26,56,2.40E-12
5.81E+26,57,1.07E-12
5.81E+26,58,4.76E-13
5.81E+26,59,2.09E-13
5.81E+26,60,9.04E-14
5.81E+26,61,3.88E-14
5.81E+26,62,1.65E-14
5.81E+26,63,6.93E-15
5.81E+26,64,2.88E-15
5.81E+26,65,1.18E-15
5.81E+26,66,4.78E-16
5.81E+26,67,1.92E-16
5.81E+26,68,7.60E-17
5.81E+26,69,2.97E-17
5.81E+26,70,1.14E-17
5.81E+26,71,4.33E-18
5.81E+26,72,1.62E-18
5.81E+26,73,6.01E-19
5.81E+26,74,2.19E-19
5.81E+26,75,7.78E-20
5.81E+26,76,2.71E-20
5.81E+26,77,9.38E-21
5.81E+26,78,3.18E-21
5.81E+26,79,1.06E-21
5.81E+26,80,3.39E-22
5.81E+26,81,1.06E-22
5.81E+26,82,3.23E-23
5.81E+26,83,9.72E-24
5.81E+26,84,3.10E-24
5.81E+26,85,7.75E-25
5.81E+26,86,2.07E-25
5.81E+26,87,5.17E-26
5.81E+26,88,1.29E-26
5.81E+26,89,3.23E-27
1.16E+27,1,1
1.16E+27,2,1
1.16E+27,3,1
1.16E+27,4,1
1.16E+27,5,1
1.16E+27,6,0.96875
1.16E+27,7,0.765625
1.16E+27,8,0.640625
1.16E+27,9,0.51953125
1.16E+27,10,0.421875
1.16E+27,11,0.328125
1.16E+27,12,0.24609375
1.16E+27,13,0.180908203
1.16E+27,14,0.130737305
1.16E+27,15,0.093688965
1.16E+27,16,0.065948486
1.16E+27,17,0.045272827
1.16E+27,18,0.030609131
1.16E+27,19,0.020439148
1.16E+27,20,0.013490677
1.16E+27,21,0.008774757
1.16E+27,22,0.005624294
1.16E+27,23,0.003553629
1.16E+27,24,0.002218843
1.16E+27,25,0.001371145
1.16E+27,26,0.000837684
1.16E+27,27,0.000505373
1.16E+27,28,0.000301175
1.16E+27,29,0.000177585
1.16E+27,30,0.000103656
1.16E+27,31,5.99E-05
1.16E+27,32,3.43E-05
1.16E+27,33,1.94E-05
1.16E+27,34,1.08E-05
1.16E+27,35,6.01E-06
1.16E+27,36,3.30E-06
1.16E+27,37,1.80E-06
1.16E+27,38,9.68E-07
1.16E+27,39,5.16E-07
1.16E+27,40,2.73E-07
1.16E+27,41,1.43E-07
1.16E+27,42,7.41E-08
1.16E+27,43,3.81E-08
1.16E+27,44,1.94E-08
1.16E+27,45,9.78E-09
1.16E+27,46,4.89E-09
1.16E+27,47,2.42E-09
1.16E+27,48,1.19E-09
1.16E+27,49,5.78E-10
1.16E+27,50,2.78E-10
1.16E+27,51,1.33E-10
1.16E+27,52,6.27E-11
1.16E+27,53,2.94E-11
1.16E+27,54,1.36E-11
1.16E+27,55,6.25E-12
1.16E+27,56,2.84E-12
1.16E+27,57,1.28E-12
1.16E+27,58,5.71E-13
1.16E+27,59,2.52E-13
1.16E+27,60,1.10E-13
1.16E+27,61,4.76E-14
1.16E+27,62,2.04E-14
1.16E+27,63,8.63E-15
1.16E+27,64,3.62E-15
1.16E+27,65,1.50E-15
1.16E+27,66,6.12E-16
1.16E+27,67,2.47E-16
1.16E+27,68,9.89E-17
1.16E+27,69,3.91E-17
1.16E+27,70,1.52E-17
1.16E+27,71,5.84E-18
1.16E+27,72,2.21E-18
1.16E+27,73,8.26E-19
1.16E+27,74,3.06E-19
1.16E+27,75,1.11E-19
1.16E+27,76,3.94E-20
1.16E+27,77,1.38E-20
1.16E+27,78,4.74E-21
1.16E+27,79,1.60E-21
1.16E+27,80,5.31E-22
1.16E+27,81,1.70E-22
1.16E+27,82,5.34E-23
1.16E+27,83,1.61E-23
1.16E+27,84,4.86E-24
1.16E+27,85,1.55E-24
1.16E+27,86,3.88E-25
1.16E+27,87,1.03E-25
1.16E+27,88,2.58E-26
1.16E+27,89,6.46E-27
1.16E+27,90,1.62E-27
1.28E+28,1,1
1.28E+28,2,1
1.28E+28,3,1
1.28E+28,4,1
1.28E+28,5,1
1.28E+28,6,0.96875
1.28E+28,7,0.78125
1.28E+28,8,0.6484375
1.28E+28,9,0.52734375
1.28E+28,10,0.4296875
1.28E+28,11,0.334960938
1.28E+28,12,0.253417969
1.28E+28,13,0.187988281
1.28E+28,14,0.136474609
1.28E+28,15,0.098205566
1.28E+28,16,0.069488525
1.28E+28,17,0.048126221
1.28E+28,18,0.032798767
1.28E+28,19,0.02205658
1.28E+28,20,0.014656067
1.28E+28,21,0.009601593
1.28E+28,22,0.006207466
1.28E+28,23,0.003959179
1.28E+28,24,0.002493858
1.28E+28,25,0.001553655
1.28E+28,26,0.00095728
1.28E+28,27,0.000583142
1.28E+28,28,0.000351131
1.28E+28,29,0.000209171
1.28E+28,30,0.000123305
1.28E+28,31,7.20E-05
1.28E+28,32,4.16E-05
1.28E+28,33,2.38E-05
1.28E+28,34,1.35E-05
1.28E+28,35,7.56E-06
1.28E+28,36,4.20E-06
1.28E+28,37,2.31E-06
1.28E+28,38,1.26E-06
1.28E+28,39,6.82E-07
1.28E+28,40,3.65E-07
1.28E+28,41,1.94E-07
1.28E+28,42,1.02E-07
1.28E+28,43,5.31E-08
1.28E+28,44,2.74E-08
1.28E+28,45,1.40E-08
1.28E+28,46,7.13E-09
1.28E+28,47,3.59E-09
1.28E+28,48,1.79E-09
1.28E+28,49,8.84E-10
1.28E+28,50,4.33E-10
1.28E+28,51,2.10E-10
1.28E+28,52,1.01E-10
1.28E+28,53,4.82E-11
1.28E+28,54,2.28E-11
1.28E+28,55,1.07E-11
1.28E+28,56,4.96E-12
1.28E+28,57,2.28E-12
1.28E+28,58,1.04E-12
1.28E+28,59,4.69E-13
1.28E+28,60,2.10E-13
1.28E+28,61,9.29E-14
1.28E+28,62,4.08E-14
1.28E+28,63,1.77E-14
1.28E+28,64,7.61E-15
1.28E+28,65,3.24E-15
1.28E+28,66,1.36E-15
1.28E+28,67,5.69E-16
1.28E+28,68,2.34E-16
1.28E+28,69,9.55E-17
1.28E+28,70,3.85E-17
1.28E+28,71,1.53E-17
1.28E+28,72,6.04E-18
1.28E+28,73,2.35E-18
1.28E+28,74,9.00E-19
1.28E+28,75,3.40E-19
1.28E+28,76,1.27E-19
1.28E+28,77,4.69E-20
1.28E+28,78,1.70E-20
1.28E+28,79,6.07E-21
1.28E+28,80,2.12E-21
1.28E+28,81,7.30E-22
1.28E+28,82,2.48E-22
1.28E+28,83,8.29E-23
1.28E+28,84,2.69E-23
1.28E+28,85,8.38E-24
1.28E+28,86,2.58E-24
1.28E+28,87,8.01E-25
1.28E+28,88,2.33E-25
1.28E+28,89,6.79E-26
1.28E+28,90,1.62E-26
1.28E+28,91,4.04E-27
1.28E+28,92,1.21E-27
1.28E+28,93,2.02E-28
1.28E+28,94,1.01E-28
7.80E+29,1,1
7.80E+29,2,1
7.80E+29,3,1
7.80E+29,4,1
7.80E+29,5,1
7.80E+29,6,1
7.80E+29,7,0.796875
7.80E+29,8,0.6640625
7.80E+29,9,0.54296875
7.80E+29,10,0.4453125
7.80E+29,11,0.3515625
7.80E+29,12,0.269042969
7.80E+29,13,0.200683594
7.80E+29,14,0.146972656
7.80E+29,15,0.106750488
7.80E+29,16,0.076385498
7.80E+29,17,0.053543091
7.80E+29,18,0.036857605
7.80E+29,19,0.025066376
7.80E+29,20,0.016841888
7.80E+29,21,0.011173248
7.80E+29,22,0.007318497
7.80E+29,23,0.004728794
7.80E+29,24,0.003017187
7.80E+29,25,0.001904964
7.80E+29,26,0.001190722
7.80E+29,27,0.000735998
7.80E+29,28,0.000449814
7.80E+29,29,0.000272065
7.80E+29,30,0.000162877
7.80E+29,31,9.66E-05
7.80E+29,32,5.68E-05
7.80E+29,33,3.30E-05
7.80E+29,34,1.90E-05
7.80E+29,35,1.09E-05
7.80E+29,36,6.15E-06
7.80E+29,37,3.45E-06
7.80E+29,38,1.92E-06
7.80E+29,39,1.06E-06
7.80E+29,40,5.77E-07
7.80E+29,41,3.13E-07
7.80E+29,42,1.68E-07
7.80E+29,43,8.95E-08
7.80E+29,44,4.73E-08
7.80E+29,45,2.48E-08
7.80E+29,46,1.29E-08
7.80E+29,47,6.63E-09
7.80E+29,48,3.39E-09
7.80E+29,49,1.72E-09
7.80E+29,50,8.63E-10
7.80E+29,51,4.30E-10
7.80E+29,52,2.13E-10
7.80E+29,53,1.04E-10
7.80E+29,54,5.07E-11
7.80E+29,55,2.45E-11
7.80E+29,56,1.17E-11
7.80E+29,57,5.56E-12
7.80E+29,58,2.61E-12
7.80E+29,59,1.22E-12
7.80E+29,60,5.65E-13
7.80E+29,61,2.59E-13
7.80E+29,62,1.18E-13
7.80E+29,63,5.31E-14
7.80E+29,64,2.37E-14
7.80E+29,65,1.05E-14
7.80E+29,66,4.62E-15
7.80E+29,67,2.01E-15
7.80E+29,68,8.65E-16
7.80E+29,69,3.69E-16
7.80E+29,70,1.56E-16
7.80E+29,71,6.54E-17
7.80E+29,72,2.71E-17
7.80E+29,73,1.11E-17
7.80E+29,74,4.51E-18
7.80E+29,75,1.81E-18
7.80E+29,76,7.19E-19
7.80E+29,77,2.83E-19
7.80E+29,78,1.10E-19
7.80E+29,79,4.21E-20
7.80E+29,80,1.59E-20
7.80E+29,81,5.95E-21
7.80E+29,82,2.20E-21
7.80E+29,83,8.01E-22
7.80E+29,84,2.87E-22
7.80E+29,85,1.01E-22
7.80E+29,86,3.49E-23
7.80E+29,87,1.19E-23
7.80E+29,88,4.01E-24
7.80E+29,89,1.33E-24
7.80E+29,90,4.22E-25
7.80E+29,91,1.32E-25
7.80E+29,92,4.00E-26
7.80E+29,93,1.21E-26
7.80E+29,94,3.64E-27
7.80E+29,95,1.01E-27
7.80E+29,96,2.52E-28
7.80E+29,97,6.31E-29
7.80E+29,98,1.26E-29
7.80E+29,99,3.16E-30
7.80E+29,100,1.58E-30
2.34E+30,1,1
2.34E+30,2,1
2.34E+30,3,1
2.34E+30,4,1
2.34E+30,5,1
2.34E+30,6,1
2.34E+30,7,0.796875
2.34E+30,8,0.671875
2.34E+30,9,0.546875
2.34E+30,10,0.447265625
2.34E+30,11,0.354492188
2.34E+30,12,0.271484375
2.34E+30,13,0.203369141
2.34E+30,14,0.149658203
2.34E+30,15,0.108642578
2.34E+30,16,0.077911377
2.34E+30,17,0.054763794
2.34E+30,18,0.037841797
2.34E+30,19,0.025817871
2.34E+30,20,0.01738739
2.34E+30,21,0.011563301
2.34E+30,22,0.007601261
2.34E+30,23,0.004928589
2.34E+30,24,0.00315702
2.34E+30,25,0.001999736
2.34E+30,26,0.001253903
2.34E+30,27,0.000777811
2.34E+30,28,0.000477321
2.34E+30,29,0.000289883
2.34E+30,30,0.000174245
2.34E+30,31,0.000103761
2.34E+30,32,6.12E-05
2.34E+30,33,3.58E-05
2.34E+30,34,2.07E-05
2.34E+30,35,1.19E-05
2.34E+30,36,6.75E-06
2.34E+30,37,3.80E-06
2.34E+30,38,2.13E-06
2.34E+30,39,1.18E-06
2.34E+30,40,6.46E-07
2.34E+30,41,3.52E-07
2.34E+30,42,1.90E-07
2.34E+30,43,1.02E-07
2.34E+30,44,5.40E-08
2.34E+30,45,2.85E-08
2.34E+30,46,1.49E-08
2.34E+30,47,7.70E-09
2.34E+30,48,3.96E-09
2.34E+30,49,2.02E-09
2.34E+30,50,1.02E-09
2.34E+30,51,5.13E-10
2.34E+30,52,2.55E-10
2.34E+30,53,1.26E-10
2.34E+30,54,6.17E-11
2.34E+30,55,3.00E-11
2.34E+30,56,1.45E-11
2.34E+30,57,6.91E-12
2.34E+30,58,3.28E-12
2.34E+30,59,1.54E-12
2.34E+30,60,7.19E-13
2.34E+30,61,3.32E-13
2.34E+30,62,1.53E-13
2.34E+30,63,6.94E-14
2.34E+30,64,3.13E-14
2.34E+30,65,1.40E-14
2.34E+30,66,6.20E-15
2.34E+30,67,2.72E-15
2.34E+30,68,1.19E-15
2.34E+30,69,5.11E-16
2.34E+30,70,2.19E-16
2.34E+30,71,9.25E-17
2.34E+30,72,3.88E-17
2.34E+30,73,1.61E-17
2.34E+30,74,6.63E-18
2.34E+30,75,2.70E-18
2.34E+30,76,1.09E-18
2.34E+30,77,4.32E-19
2.34E+30,78,1.70E-19
2.34E+30,79,6.64E-20
2.34E+30,80,2.56E-20
2.34E+30,81,9.72E-21
2.34E+30,82,3.65E-21
2.34E+30,83,1.35E-21
2.34E+30,84,4.94E-22
2.34E+30,85,1.78E-22
2.34E+30,86,6.34E-23
2.34E+30,87,2.21E-23
2.34E+30,88,7.58E-24
2.34E+30,89,2.57E-24
2.34E+30,90,8.55E-25
2.34E+30,91,2.79E-25
2.34E+30,92,8.80E-26
2.34E+30,93,2.69E-26
2.34E+30,94,8.18E-27
2.34E+30,95,2.37E-27
2.34E+30,96,7.57E-28
2.34E+30,97,1.89E-28
2.34E+30,98,4.42E-29
2.34E+30,99,1.26E-29
2.34E+30,100,3.16E-30
2.34E+30,101,7.89E-31
1.57E+32,1,1
1.57E+32,2,1
1.57E+32,3,1
1.57E+32,4,1
1.57E+32,5,1
1.57E+32,6,1
1.57E+32,7,0.8125
1.57E+32,8,0.6875
1.57E+32,9,0.5625
1.57E+32,10,0.462890625
1.57E+32,11,0.369140625
1.57E+32,12,0.286621094
1.57E+32,13,0.215332031
1.57E+32,14,0.159667969
1.57E+32,15,0.11706543
1.57E+32,16,0.084655762
1.57E+32,17,0.060150146
1.57E+32,18,0.04196167
1.57E+32,19,0.028907776
1.57E+32,20,0.019664764
1.57E+32,21,0.013219833
1.57E+32,22,0.008791924
1.57E+32,23,0.005765915
1.57E+32,24,0.003735662
1.57E+32,25,0.002395213
1.57E+32,26,0.001520246
1.57E+32,27,0.000955269
1.57E+32,28,0.00059405
1.57E+32,29,0.000365596
1.57E+32,30,0.000222784
1.57E+32,31,0.000134533
1.57E+32,32,8.05E-05
1.57E+32,33,4.78E-05
1.57E+32,34,2.81E-05
1.57E+32,35,1.63E-05
1.57E+32,36,9.44E-06
1.57E+32,37,5.41E-06
1.57E+32,38,3.07E-06
1.57E+32,39,1.73E-06
1.57E+32,40,9.67E-07
1.57E+32,41,5.36E-07
1.57E+32,42,2.95E-07
1.57E+32,43,1.61E-07
1.57E+32,44,8.70E-08
1.57E+32,45,4.67E-08
1.57E+32,46,2.49E-08
1.57E+32,47,1.32E-08
1.57E+32,48,6.91E-09
1.57E+32,49,3.60E-09
1.57E+32,50,1.86E-09
1.57E+32,51,9.56E-10
1.57E+32,52,4.87E-10
1.57E+32,53,2.46E-10
1.57E+32,54,1.23E-10
1.57E+32,55,6.15E-11
1.57E+32,56,3.04E-11
1.57E+32,57,1.49E-11
1.57E+32,58,7.26E-12
1.57E+32,59,3.51E-12
1.57E+32,60,1.68E-12
1.57E+32,61,8.02E-13
1.57E+32,62,3.79E-13
1.57E+32,63,1.78E-13
1.57E+32,64,8.27E-14
1.57E+32,65,3.82E-14
1.57E+32,66,1.75E-14
1.57E+32,67,7.94E-15
1.57E+32,68,3.58E-15
1.57E+32,69,1.60E-15
1.57E+32,70,7.11E-16
1.57E+32,71,3.13E-16
1.57E+32,72,1.36E-16
1.57E+32,73,5.90E-17
1.57E+32,74,2.53E-17
1.57E+32,75,1.08E-17
1.57E+32,76,4.54E-18
1.57E+32,77,1.89E-18
1.57E+32,78,7.84E-19
1.57E+32,79,3.21E-19
1.57E+32,80,1.31E-19
1.57E+32,81,5.24E-20
1.57E+32,82,2.09E-20
1.57E+32,83,8.21E-21
1.57E+32,84,3.20E-21
1.57E+32,85,1.23E-21
1.57E+32,86,4.70E-22
1.57E+32,87,1.77E-22
1.57E+32,88,6.57E-23
1.57E+32,89,2.41E-23
1.57E+32,90,8.74E-24
1.57E+32,91,3.13E-24
1.57E+32,92,1.10E-24
1.57E+32,93,3.80E-25
1.57E+32,94,1.30E-25
1.57E+32,95,4.36E-26
1.57E+32,96,1.45E-26
1.57E+32,97,4.66E-27
1.57E+32,98,1.45E-27
1.57E+32,99,4.51E-28
1.57E+32,100,1.36E-28
1.57E+32,101,4.02E-29
1.57E+32,102,1.22E-29
1.57E+32,103,2.96E-30
1.57E+32,104,7.89E-31
1.57E+32,105,1.97E-31
1.57E+32,106,4.93E-32
1.57E+32,107,1.23E-32
1.11E+34,1,1
1.11E+34,2,1
1.11E+34,3,1
1.11E+34,4,1
1.11E+34,5,1
1.11E+34,6,1
1.11E+34,7,0.828125
1.11E+34,8,0.703125
1.11E+34,9,0.578125
1.11E+34,10,0.4765625
1.11E+34,11,0.3828125
1.11E+34,12,0.30078125
1.11E+34,13,0.226806641
1.11E+34,14,0.169555664
1.11E+34,15,0.125305176
1.11E+34,16,0.091369629
1.11E+34,17,0.065551758
1.11E+34,18,0.046173096
1.11E+34,19,0.032066345
1.11E+34,20,0.022014618
1.11E+34,21,0.014948845
1.11E+34,22,0.010044575
1.11E+34,23,0.006658792
1.11E+34,24,0.004360437
1.11E+34,25,0.002825975
1.11E+34,26,0.001813889
1.11E+34,27,0.001153022
1.11E+34,28,0.000725769
1.11E+34,29,0.000452179
1.11E+34,30,0.000278981
1.11E+34,31,0.000170614
1.11E+34,32,0.000103448
1.11E+34,33,6.22E-05
1.11E+34,34,3.71E-05
1.11E+34,35,2.19E-05
1.11E+34,36,1.28E-05
1.11E+34,37,7.45E-06
1.11E+34,38,4.30E-06
1.11E+34,39,2.46E-06
1.11E+34,40,1.40E-06
1.11E+34,41,7.86E-07
1.11E+34,42,4.39E-07
1.11E+34,43,2.44E-07
1.11E+34,44,1.34E-07
1.11E+34,45,7.33E-08
1.11E+34,46,3.98E-08
1.11E+34,47,2.14E-08
1.11E+34,48,1.15E-08
1.11E+34,49,6.08E-09
1.11E+34,50,3.21E-09
1.11E+34,51,1.68E-09
1.11E+34,52,8.72E-10
1.11E+34,53,4.50E-10
1.11E+34,54,2.31E-10
1.11E+34,55,1.17E-10
1.11E+34,56,5.94E-11
1.11E+34,57,2.98E-11
1.11E+34,58,1.49E-11
1.11E+34,59,7.35E-12
1.11E+34,60,3.61E-12
1.11E+34,61,1.76E-12
1.11E+34,62,8.55E-13
1.11E+34,63,4.12E-13
1.11E+34,64,1.97E-13
1.11E+34,65,9.33E-14
1.11E+34,66,4.40E-14
1.11E+34,67,2.06E-14
1.11E+34,68,9.56E-15
1.11E+34,69,4.41E-15
1.11E+34,70,2.02E-15
1.11E+34,71,9.16E-16
1.11E+34,72,4.13E-16
1.11E+34,73,1.85E-16
1.11E+34,74,8.22E-17
1.11E+34,75,3.62E-17
1.11E+34,76,1.59E-17
1.11E+34,77,6.88E-18
1.11E+34,78,2.96E-18
1.11E+34,79,1.26E-18
1.11E+34,80,5.36E-19
1.11E+34,81,2.25E-19
1.11E+34,82,9.36E-20
1.11E+34,83,3.86E-20
1.11E+34,84,1.58E-20
1.11E+34,85,6.41E-21
1.11E+34,86,2.58E-21
1.11E+34,87,1.02E-21
1.11E+34,88,4.03E-22
1.11E+34,89,1.57E-22
1.11E+34,90,6.07E-23
1.11E+34,91,2.32E-23
1.11E+34,92,8.76E-24
1.11E+34,93,3.26E-24
1.11E+34,94,1.20E-24
1.11E+34,95,4.38E-25
1.11E+34,96,1.58E-25
1.11E+34,97,5.62E-26
1.11E+34,98,1.96E-26
1.11E+34,99,6.73E-27
1.11E+34,100,2.28E-27
1.11E+34,101,7.64E-28
1.11E+34,102,2.53E-28
1.11E+34,103,8.13E-29
1.11E+34,104,2.52E-29
1.11E+34,105,7.64E-30
1.11E+34,106,2.32E-30
1.11E+34,107,6.90E-31
1.11E+34,108,2.10E-31
1.11E+34,109,5.24E-32
1.11E+34,110,1.39E-32
1.11E+34,111,3.08E-33
1.11E+34,112,7.70E-34
1.11E+34,113,1.93E-34
1.11E+34,114,9.63E-35
8.13E+35,1,1
8.13E+35,2,1
8.13E+35,3,1
8.13E+35,4,1
8.13E+35,5,1
8.13E+35,6,1
8.13E+35,7,0.84375
8.13E+35,8,0.71875
8.13E+35,9,0.59375
8.13E+35,10,0.490234375
8.13E+35,11,0.396484375
8.13E+35,12,0.314453125
8.13E+35,13,0.23828125
8.13E+35,14,0.17956543
8.13E+35,15,0.133544922
8.13E+35,16,0.098144531
8.13E+35,17,0.071044922
8.13E+35,18,0.050498962
8.13E+35,19,0.03534317
8.13E+35,20,0.024469376
8.13E+35,21,0.016767502
8.13E+35,22,0.011375904
8.13E+35,23,0.00761652
8.13E+35,24,0.005037308
8.13E+35,25,0.003297031
8.13E+35,26,0.002138048
8.13E+35,27,0.001373619
8.13E+35,28,0.000874326
8.13E+35,29,0.000550892
8.13E+35,30,0.00034376
8.13E+35,31,0.000212681
8.13E+35,32,0.000130496
8.13E+35,33,7.94E-05
8.13E+35,34,4.79E-05
8.13E+35,35,2.87E-05
8.13E+35,36,1.70E-05
8.13E+35,37,1.00E-05
8.13E+35,38,5.86E-06
8.13E+35,39,3.40E-06
8.13E+35,40,1.96E-06
8.13E+35,41,1.12E-06
8.13E+35,42,6.34E-07
8.13E+35,43,3.57E-07
8.13E+35,44,1.99E-07
8.13E+35,45,1.11E-07
8.13E+35,46,6.11E-08
8.13E+35,47,3.34E-08
8.13E+35,48,1.82E-08
8.13E+35,49,9.81E-09
8.13E+35,50,5.26E-09
8.13E+35,51,2.81E-09
8.13E+35,52,1.48E-09
8.13E+35,53,7.80E-10
8.13E+35,54,4.08E-10
8.13E+35,55,2.11E-10
8.13E+35,56,1.09E-10
8.13E+35,57,5.58E-11
8.13E+35,58,2.84E-11
8.13E+35,59,1.43E-11
8.13E+35,60,7.20E-12
8.13E+35,61,3.59E-12
8.13E+35,62,1.78E-12
8.13E+35,63,8.77E-13
8.13E+35,64,4.29E-13
8.13E+35,65,2.08E-13
8.13E+35,66,1.01E-13
8.13E+35,67,4.83E-14
8.13E+35,68,2.30E-14
8.13E+35,69,1.09E-14
8.13E+35,70,5.12E-15
8.13E+35,71,2.39E-15
8.13E+35,72,1.11E-15
8.13E+35,73,5.11E-16
8.13E+35,74,2.34E-16
8.13E+35,75,1.06E-16
8.13E+35,76,4.79E-17
8.13E+35,77,2.15E-17
8.13E+35,78,9.55E-18
8.13E+35,79,4.22E-18
8.13E+35,80,1.85E-18
8.13E+35,81,8.05E-19
8.13E+35,82,3.48E-19
8.13E+35,83,1.49E-19
8.13E+35,84,6.34E-20
8.13E+35,85,2.68E-20
8.13E+35,86,1.12E-20
8.13E+35,87,4.66E-21
8.13E+35,88,1.92E-21
8.13E+35,89,7.84E-22
8.13E+35,90,3.18E-22
8.13E+35,91,1.28E-22
8.13E+35,92,5.07E-23
8.13E+35,93,2.00E-23
8.13E+35,94,7.80E-24
8.13E+35,95,3.01E-24
8.13E+35,96,1.15E-24
8.13E+35,97,4.38E-25
8.13E+35,98,1.64E-25
8.13E+35,99,6.07E-26
8.13E+35,100,2.22E-26
8.13E+35,101,8.04E-27
8.13E+35,102,2.88E-27
8.13E+35,103,1.02E-27
8.13E+35,104,3.54E-28
8.13E+35,105,1.21E-28
8.13E+35,106,4.07E-29
8.13E+35,107,1.36E-29
8.13E+35,108,4.48E-30
8.13E+35,109,1.45E-30
8.13E+35,110,4.47E-31
8.13E+35,111,1.35E-31
8.13E+35,112,4.04E-32
8.13E+35,113,1.21E-32
8.13E+35,114,3.76E-33
8.13E+35,115,9.63E-34
8.13E+35,116,2.41E-34
8.13E+35,117,6.02E-35
8.13E+35,118,1.20E-35
8.13E+35,119,3.01E-36
8.13E+35,120,1.50E-36
6.42E+37,1,1
6.42E+37,2,1
6.42E+37,3,1
6.42E+37,4,1
6.42E+37,5,1
6.42E+37,6,1
6.42E+37,7,0.859375
6.42E+37,8,0.734375
6.42E+37,9,0.60546875
6.42E+37,10,0.501953125
6.42E+37,11,0.409179688
6.42E+37,12,0.327148438
6.42E+37,13,0.249511719
6.42E+37,14,0.189086914
6.42E+37,15,0.141540527
6.42E+37,16,0.104736328
6.42E+37,17,0.076431274
6.42E+37,18,0.054779053
6.42E+37,19,0.038631439
6.42E+37,20,0.026943207
6.42E+37,21,0.018618584
6.42E+37,22,0.012742519
6.42E+37,23,0.008610487
6.42E+37,24,0.005748034
6.42E+37,25,0.003795922
6.42E+37,26,0.00248462
6.42E+37,27,0.001612052
6.42E+37,28,0.001036562
6.42E+37,29,0.000659946
6.42E+37,30,0.000416147
6.42E+37,31,0.0002602
6.42E+37,32,0.000161394
6.42E+37,33,9.93E-05
6.42E+37,34,6.06E-05
6.42E+37,35,3.67E-05
6.42E+37,36,2.20E-05
6.42E+37,37,1.31E-05
6.42E+37,38,7.77E-06
6.42E+37,39,4.57E-06
6.42E+37,40,2.66E-06
6.42E+37,41,1.54E-06
6.42E+37,42,8.86E-07
6.42E+37,43,5.06E-07
6.42E+37,44,2.87E-07
6.42E+37,45,1.62E-07
6.42E+37,46,9.04E-08
6.42E+37,47,5.02E-08
6.42E+37,48,2.77E-08
6.42E+37,49,1.52E-08
6.42E+37,50,8.28E-09
6.42E+37,51,4.48E-09
6.42E+37,52,2.41E-09
6.42E+37,53,1.29E-09
6.42E+37,54,6.85E-10
6.42E+37,55,3.61E-10
6.42E+37,56,1.90E-10
6.42E+37,57,9.88E-11
6.42E+37,58,5.12E-11
6.42E+37,59,2.64E-11
6.42E+37,60,1.35E-11
6.42E+37,61,6.86E-12
6.42E+37,62,3.47E-12
6.42E+37,63,1.74E-12
6.42E+37,64,8.71E-13
6.42E+37,65,4.32E-13
6.42E+37,66,2.13E-13
6.42E+37,67,1.05E-13
6.42E+37,68,5.09E-14
6.42E+37,69,2.47E-14
6.42E+37,70,1.19E-14
6.42E+37,71,5.68E-15
6.42E+37,72,2.70E-15
6.42E+37,73,1.28E-15
6.42E+37,74,5.99E-16
6.42E+37,75,2.79E-16
6.42E+37,76,1.29E-16
6.42E+37,77,5.96E-17
6.42E+37,78,2.73E-17
6.42E+37,79,1.24E-17
6.42E+37,80,5.60E-18
6.42E+37,81,2.51E-18
6.42E+37,82,1.12E-18
6.42E+37,83,4.96E-19
6.42E+37,84,2.18E-19
6.42E+37,85,9.53E-20
6.42E+37,86,4.13E-20
6.42E+37,87,1.78E-20
6.42E+37,88,7.61E-21
6.42E+37,89,3.23E-21
6.42E+37,90,1.36E-21
6.42E+37,91,5.68E-22
6.42E+37,92,2.36E-22
6.42E+37,93,9.71E-23
6.42E+37,94,3.96E-23
6.42E+37,95,1.60E-23
6.42E+37,96,6.45E-24
6.42E+37,97,2.57E-24
6.42E+37,98,1.01E-24
6.42E+37,99,3.97E-25
6.42E+37,100,1.54E-25
6.42E+37,101,5.90E-26
6.42E+37,102,2.25E-26
6.42E+37,103,8.47E-27
6.42E+37,104,3.16E-27
6.42E+37,105,1.16E-27
6.42E+37,106,4.23E-28
6.42E+37,107,1.52E-28
6.42E+37,108,5.44E-29
6.42E+37,109,1.92E-29
6.42E+37,110,6.64E-30
6.42E+37,111,2.26E-30
6.42E+37,112,7.58E-31
6.42E+37,113,2.52E-31
6.42E+37,114,8.31E-32
6.42E+37,115,2.68E-32
6.42E+37,116,8.33E-33
6.42E+37,117,2.50E-33
6.42E+37,118,7.58E-34
6.42E+37,119,2.23E-34
6.42E+37,120,6.92E-35
6.42E+37,121,1.81E-35
6.42E+37,122,4.51E-36
6.42E+37,123,1.13E-36
6.42E+37,124,2.82E-37
6.42E+37,125,9.40E-38
6.42E+37,126,2.35E-38
8.35E+38,1,1
8.35E+38,2,1
8.35E+38,3,1
8.35E+38,4,1
8.35E+38,5,1
8.35E+38,6,1
8.35E+38,7,0.859375
8.35E+38,8,0.7421875
8.35E+38,9,0.61328125
8.35E+38,10,0.5078125
8.35E+38,11,0.415039063
8.35E+38,12,0.332519531
8.35E+38,13,0.254882813
8.35E+38,14,0.194213867
8.35E+38,15,0.145690918
8.35E+38,16,0.108184814
8.35E+38,17,0.079193115
8.35E+38,18,0.0570755
8.35E+38,19,0.040447235
8.35E+38,20,0.028341293
8.35E+38,21,0.019670486
8.35E+38,22,0.013519287
8.35E+38,23,0.009180307
8.35E+38,24,0.006163716
8.35E+38,25,0.004093289
8.35E+38,26,0.002693325
8.35E+38,27,0.001756549
8.35E+38,28,0.001135536
8.35E+38,29,0.000727233
8.35E+38,30,0.00046147
8.35E+38,31,0.00029032
8.35E+38,32,0.000181157
8.35E+38,33,0.00011216
8.35E+38,34,6.89E-05
8.35E+38,35,4.20E-05
8.35E+38,36,2.54E-05
8.35E+38,37,1.52E-05
8.35E+38,38,9.08E-06
8.35E+38,39,5.37E-06
8.35E+38,40,3.15E-06
8.35E+38,41,1.84E-06
8.35E+38,42,1.07E-06
8.35E+38,43,6.13E-07
8.35E+38,44,3.50E-07
8.35E+38,45,1.99E-07
8.35E+38,46,1.12E-07
8.35E+38,47,6.28E-08
8.35E+38,48,3.49E-08
8.35E+38,49,1.93E-08
8.35E+38,50,1.06E-08
8.35E+38,51,5.80E-09
8.35E+38,52,3.15E-09
8.35E+38,53,1.70E-09
8.35E+38,54,9.10E-10
8.35E+38,55,4.85E-10
8.35E+38,56,2.57E-10
8.35E+38,57,1.35E-10
8.35E+38,58,7.07E-11
8.35E+38,59,3.68E-11
8.35E+38,60,1.90E-11
8.35E+38,61,9.77E-12
8.35E+38,62,4.99E-12
8.35E+38,63,2.54E-12
8.35E+38,64,1.28E-12
8.35E+38,65,6.43E-13
8.35E+38,66,3.21E-13
8.35E+38,67,1.59E-13
8.35E+38,68,7.84E-14
8.35E+38,69,3.84E-14
8.35E+38,70,1.87E-14
8.35E+38,71,9.07E-15
8.35E+38,72,4.37E-15
8.35E+38,73,2.09E-15
8.35E+38,74,9.95E-16
8.35E+38,75,4.70E-16
8.35E+38,76,2.21E-16
8.35E+38,77,1.03E-16
8.35E+38,78,4.80E-17
8.35E+38,79,2.21E-17
8.35E+38,80,1.02E-17
8.35E+38,81,4.63E-18
8.35E+38,82,2.10E-18
8.35E+38,83,9.43E-19
8.35E+38,84,4.22E-19
8.35E+38,85,1.87E-19
8.35E+38,86,8.27E-20
8.35E+38,87,3.62E-20
8.35E+38,88,1.58E-20
8.35E+38,89,6.83E-21
8.35E+38,90,2.93E-21
8.35E+38,91,1.25E-21
8.35E+38,92,5.30E-22
8.35E+38,93,2.23E-22
8.35E+38,94,9.30E-23
8.35E+38,95,3.85E-23
8.35E+38,96,1.59E-23
8.35E+38,97,6.47E-24
8.35E+38,98,2.62E-24
8.35E+38,99,1.05E-24
8.35E+38,100,4.19E-25
8.35E+38,101,1.65E-25
8.35E+38,102,6.47E-26
8.35E+38,103,2.51E-26
8.35E+38,104,9.65E-27
8.35E+38,105,3.68E-27
8.35E+38,106,1.39E-27
8.35E+38,107,5.18E-28
8.35E+38,108,1.91E-28
8.35E+38,109,6.99E-29
8.35E+38,110,2.53E-29
8.35E+38,111,9.03E-30
8.35E+38,112,3.20E-30
8.35E+38,113,1.12E-30
8.35E+38,114,3.83E-31
8.35E+38,115,1.29E-31
8.35E+38,116,4.32E-32
8.35E+38,117,1.43E-32
8.35E+38,118,4.66E-33
8.35E+38,119,1.48E-33
8.35E+38,120,4.54E-34
8.35E+38,121,1.37E-34
8.35E+38,122,4.06E-35
8.35E+38,123,1.20E-35
8.35E+38,124,3.67E-36
8.35E+38,125,9.40E-37
8.35E+38,126,2.35E-37
8.35E+38,127,5.88E-38
8.35E+38,128,1.18E-38
8.35E+38,129,2.94E-39
8.35E+38,130,1.47E-39
6.93E+40,1,1
6.93E+40,2,1
6.92923E+40,3,1
6.92923E+40,4,1
6.92923E+40,5,1
6.92923E+40,6,1
6.92923E+40,7,0.875
6.92923E+40,8,0.7578125
6.92923E+40,9,0.625
6.92923E+40,10,0.51953125
6.92923E+40,11,0.426757813
6.92923E+40,12,0.344726563
6.92923E+40,13,0.266113281
6.92923E+40,14,0.203491211
6.92923E+40,15,0.153564453
6.92923E+40,16,0.114746094
6.92923E+40,17,0.084609985
6.92923E+40,18,0.061447144
6.92923E+40,19,0.043849945
6.92923E+40,20,0.030937195
6.92923E+40,21,0.021626472
6.92923E+40,22,0.014978409
6.92923E+40,23,0.01025629
6.92923E+40,24,0.006942391
6.92923E+40,25,0.004648566
6.92923E+40,26,0.003084064
6.92923E+40,27,0.002028733
6.92923E+40,28,0.001323245
6.92923E+40,29,0.000855301
6.92923E+40,30,0.00054781
6.92923E+40,31,0.00034788
6.92923E+40,32,0.000219162
6.92923E+40,33,0.000137031
6.92923E+40,34,8.50E-05
6.92923E+40,35,5.24E-05
6.92923E+40,36,3.20E-05
6.92923E+40,37,1.94E-05
6.92923E+40,38,1.17E-05
6.92923E+40,39,6.99E-06
6.92923E+40,40,4.15E-06
6.92923E+40,41,2.45E-06
6.92923E+40,42,1.43E-06
6.92923E+40,43,8.35E-07
6.92923E+40,44,4.83E-07
6.92923E+40,45,2.78E-07
6.92923E+40,46,1.58E-07
6.92923E+40,47,8.99E-08
6.92923E+40,48,5.07E-08
6.92923E+40,49,2.84E-08
6.92923E+40,50,1.58E-08
6.92923E+40,51,8.76E-09
6.92923E+40,52,4.82E-09
6.92923E+40,53,2.64E-09
6.92923E+40,54,1.43E-09
6.92923E+40,55,7.75E-10
6.92923E+40,56,4.17E-10
6.92923E+40,57,2.23E-10
6.92923E+40,58,1.18E-10
6.92923E+40,59,6.26E-11
6.92923E+40,60,3.29E-11
6.92923E+40,61,1.72E-11
6.92923E+40,62,8.92E-12
6.92923E+40,63,4.61E-12
6.92923E+40,64,2.37E-12
6.92923E+40,65,1.21E-12
6.92923E+40,66,6.14E-13
6.92923E+40,67,3.10E-13
6.92923E+40,68,1.56E-13
6.92923E+40,69,7.78E-14
6.92923E+40,70,3.87E-14
6.92923E+40,71,1.91E-14
6.92923E+40,72,9.38E-15
6.92923E+40,73,4.58E-15
6.92923E+40,74,2.23E-15
6.92923E+40,75,1.08E-15
6.92923E+40,76,5.17E-16
6.92923E+40,77,2.47E-16
6.92923E+40,78,1.17E-16
6.92923E+40,79,5.54E-17
6.92923E+40,80,2.60E-17
6.92923E+40,81,1.21E-17
6.92923E+40,82,5.63E-18
6.92923E+40,83,2.60E-18
6.92923E+40,84,1.19E-18
6.92923E+40,85,5.44E-19
6.92923E+40,86,2.47E-19
6.92923E+40,87,1.11E-19
6.92923E+40,88,4.98E-20
6.92923E+40,89,2.22E-20
6.92923E+40,90,9.81E-21
6.92923E+40,91,4.31E-21
6.92923E+40,92,1.88E-21
6.92923E+40,93,8.18E-22
6.92923E+40,94,3.53E-22
6.92923E+40,95,1.51E-22
6.92923E+40,96,6.44E-23
6.92923E+40,97,2.72E-23
6.92923E+40,98,1.14E-23
6.92923E+40,99,4.77E-24
6.92923E+40,100,1.98E-24
6.92923E+40,101,8.12E-25
6.92923E+40,102,3.31E-25
6.92923E+40,103,1.34E-25
6.92923E+40,104,5.40E-26
6.92923E+40,105,2.15E-26
6.92923E+40,106,8.52E-27
6.92923E+40,107,3.34E-27
6.92923E+40,108,1.30E-27
6.92923E+40,109,5.02E-28
6.92923E+40,110,1.92E-28
6.92923E+40,111,7.27E-29
6.92923E+40,112,2.73E-29
6.92923E+40,113,1.02E-29
6.92923E+40,114,3.74E-30
6.92923E+40,115,1.36E-30
6.92923E+40,116,4.89E-31
6.92923E+40,117,1.74E-31
6.92923E+40,118,6.16E-32
6.92923E+40,119,2.15E-32
6.92923E+40,120,7.36E-33
6.92923E+40,121,2.48E-33
6.92923E+40,122,8.26E-34
6.92923E+40,123,2.72E-34
6.92923E+40,124,8.91E-35
6.92923E+40,125,2.84E-35
6.92923E+40,126,8.77E-36
6.92923E+40,127,2.64E-36
6.92923E+40,128,7.99E-37
6.92923E+40,129,2.32E-37
6.92923E+40,130,7.05E-38
6.92923E+40,131,1.84E-38
6.92923E+40,132,4.78E-39
6.92923E+40,133,1.10E-39
6.92923E+40,134,2.76E-40
6.92923E+40,135,9.18E-41
6.92923E+40,136,2.30E-41